<?xml version="1.0" encoding="UTF-8"?>

<!DOCTYPE udvar[
<!ELEMENT udvar (gazda,kutya,kakas,tyuk+,diszno)>
<!ATTLIST gazda nev CDATA #REQUIRED>
<!ATTLIST kutya nev CDATA #REQUIRED>
<!ATTLIST kakas id CDATA #REQUIRED>
<!ATTLIST tyuk ferj CDATA #REQUIRED>
<!ATTLIST diszno nev CDATA #REQUIRED>
]>
<udvar>
	<gazda nev="Alex"/>
	<kutya nev="Nero"></kutya>
	<kakas id="szv_ns3_2jb"/>
	<tyuk ferj="szv_ns3_2jb"/>
	<tyuk ferj="szv_ns3_2jb"/>
	<!-- <roka/> -->
	<diszno nev="Józsi"></diszno>
</udvar>