<? xml version="1.0" encoding="utf-8"?>

<orarend>
  <ora id="01" tipus="előadás"/>
    <targy>Adatkezelés XML-ben</targy>
    <idopont>
      <nap>Kedd</nap>
      <tol>12:00</tol>
      <ig>14:00</ig>
    </idopont>
    <helyszin>I A2 fsz.</helyszin>
    <oktato>Dr. Bendarik László</oktato>
    <szak>Programmtervező Informatikus</szak>
  </ora>
  <ora id="02" tipus="gyakorlat"/>
    <targy>Adatkezelés XML-ben</targy>
    <idopont>
      <nap>Kedd</nap>
      <tol>14:00</tol>
      <ig>16:00</ig>
    </idopont>
    <helyszin>In/103 In I. em. 103</helyszin>
    <oktato>Dr. Bendarik László</oktato>
    <szak>Programmtervező Informatikus</szak>
  </ora>
    <ora id="03" tipus="előadás"/>
    <targy>Vállalati információs rendszerek</targy>
    <idopont>
      <nap>Szerda</nap>
      <tol>16:00</tol>
      <ig>20:00</ig>
    </idopont>
    <helyszin>In/103 In I. em. 103</helyszin>
    <oktato>Dr. Sasvári Péter</oktato>
    <szak>Programmtervező Informatikus</szak>
  </ora>
</orarend>
